品牌 (Brand),产品编号,条形码,产品名称,规格,折扣前,折扣率,折扣后
Cervantes,PB001,8.43525E+12,CUADERNO ESP T. FORRADA F_ 4X4 80H 90G,F_ 80张 90g 硬抄 4x4方格,"1,595_","-19,25%","1,288_"
Cervantes,PB002,8.43525E+12,CUADERNO ESPIRAL F_ 80 HOJAS 90 g/m_ PAU,F_ 80张 90g 硬抄 2.5mm,"1,595_","-19,25%","1,288_"
Cervantes,PB003,8.43525E+12,CUADERNO ESPIRAL F_ 80 HOJAS 90 g/m_ HOR,F_ 80张 90g 硬抄 横条,"1,595_","-19,25%","1,288_"
Cervantes,PB004,8.43525E+12,CUADERNO ESPIRAL F_ 80 HOJAS 90 g/m_ LIS,F_ 80张 90g 硬抄 空白,"1,595_","-19,25%","1,288_"
Cervantes,PB005,8.43546E+12,CUADERNO ESPIRAL F_ 80 HOJAS 90 g/m_ PAS,F_ 80张 90g 硬抄 4x4方格(粉),"1,595_","-19,25%","1,288_"
Cervantes,PB006,8.43525E+12,CUADERNO ESP T. FORRADA 4_ 4X4 80H 90G,4_ 80张 90g 硬抄 4x4方格,"1,089_","-19,25%",879_
Cervantes,PB007,8.43525E+12,CUADERNO ESP. T. FORRADA 4_ P2.5 80H 90G,4_ 80张 90g 硬抄 2.5mm,"1,089_","-19,25%",879_
Cervantes,PB008,8.43525E+12,CUADERNO ESP. T. FORRADA 4_ HOR 80H 90G,4_ 80张 90g 硬抄 横条,"1,089_","-19,25%",879_
Cervantes,PB052,8.43525E+12,CUADERNO ESPIRAL F_ 80 HOJAS 90 g/m_ PAU,F_ 80张 90g 塑料皮 2.5mm,"1,529_","-19,25%","1,235_"
Cervantes,PB053,8.43525E+12,CUADERNO ESPIRAL F_ 80 HOJAS 90 g/m_ HOR,F_ 80张 90g 塑料皮 横条,"1,529_","-19,25%","1,235_"
Cervantes,PB054,8.43525E+12,CUADERNO ESPIRAL F_ 80 HOJAS 90 g/m_ LIS,F_ 80张 90g 塑料皮 空白,"1,529_","-19,25%","1,235_"
Cervantes,PB055,8.43525E+12,CUADERNO F_ 3 x 3 mm 80 HOJAS PP,F_ 80张 90g 塑料皮 3x3方格,"1,529_","-19,25%","1,235_"
Cervantes,PB061,8.43525E+12,CUADERNO ESP T. PP 4_ 4X4 80H 90G,4_ 80张 90g 塑料皮 4x4方格,"1,089_","-19,25%",879_
Cervantes,PB062,8.43525E+12,CUADERNO ESP T. PP 4_ P2.5 80H 90G,4_ 80张 90g 塑料皮 2.5mm,"1,089_","-19,25%",879_
Cervantes,PB063,8.43525E+12,CUADERNO ESP T. PP 4_ HOR 80H 90G,4_ 80张 90g 塑料皮 横条,"1,089_","-19,25%",879_
Cervantes,PB064,8.43525E+12,CUADERNO ESP T. PP 4_ LISO 80H 90G,4_ 80张 90g 塑料皮 空白,"1,089_","-19,25%",879_
Cervantes,CE008,8.43572E+12,CUADERNO GUIA PP F_ 80 HOJAS 2.5MM 90G,F_ 80张 90g 塑料皮 2.5mm,"1,529_","-19,25%","1,235_"
Cervantes,CE009,8.43572E+12,CUADERNO GUIA PP F_ 80 HOJAS 3MM 90G,F_ 80张 90g 塑料皮 3mm,"1,529_","-19,25%","1,235_"
Cervantes,PB045-01,8.43546E+12,CUADERNO ESPIRAL F_ 80 HOJAS 90g/m_ AZU,F_ 80张 90g 塑料皮 4x4方格(蓝),"1,595_","-19,25%","1,288_"
Cervantes,PB045-02,8.43546E+12,CUADERNO ESPIRAL F_ 80 HOJAS 90g/m_ ROJ,F_ 80张 90g 塑料皮 4x4方格(红),"1,595_","-19,25%","1,288_"
Cervantes,PB080,8.43572E+12,CUADERNO ESPIRAL F_ 80 HOJAS 90 g/m_ PP,F_ 80张 90g 塑料皮 6mm方格,"1,529_","-19,25%","1,235_"
Cervantes,PB136,8.43525E+12,CUADERNO ESP T PP A5 5X5 120H 90G,A5 120张 90g 塑料皮 5mm方格,"2,447_","-19,25%","1,976_"
Cervantes,PB137,8.43525E+12,CUADERNO ESP T PP A4 5X5 120H 90G,A4 120张 90g 塑料皮 5mm方格,"3,449_","-19,25%","2,785_"
Cervantes,PB236,8.43572E+12,CUADERNO BASIC PP F_ 80 HOJAS 3 mm 90 g/,F_ 80张 90g 塑料皮 3mm方格,"1,529_","-19,25%","1,235_"
Cervantes,PB237,8.43572E+12,CUADERNO BASIC PP F_ 80 HOJAS 4 mm 90 g/,F_ 80张 90g 塑料皮 4mm方格,"1,529_","-19,25%","1,235_"
Cervantes,PB238,8.43572E+12,CUADERNO BASIC PP F_ 80 HOJAS 5 mm 90 g/,F_ 80张 90g 塑料皮 5mm方格,"1,529_","-19,25%","1,235_"
Cervantes,PB258,8.43572E+12,CUADERNO ESP PP TAPA PP F_ 4X4 80H 90G,F_ 80张 90g 塑料皮 4mm方格,"1,779_","-19,25%","1,437_"
Cervantes,PB258P,8.43572E+12,CUADERNO ESP PP TAPA PP F_ 4X4 80H 90G,F_ 80张 90g 塑料皮 4mm方格(粉彩),"1,779_","-19,25%","1,437_"
Cervantes,PB259,8.43572E+12,CUADERNO ESP PP TAPA PP 4_ 4X4 80H 90G,4_ 80张 90g 塑料皮 4mm方格,"1,047_","-19,25%",845_
Cervantes,PB416,8.43546E+12,CUADERNO A4 120 HOJAS Y 3 SEPARADORES.,A4 120张 90g 塑料皮 3分隔,"3,706_","-19,25%","2,993_"
Cervantes,PB251,8.43572E+12,CUADERNO GRAPADO PP A4 HOR 48H 90G,A4 48张 90g 塑料皮骑马钉 横条,938_,"-19,25%",757_
Cervantes,PB252,8.43572E+12,CUADERNO GRAPADO A4 48 HOJAS 90 g/m_ PP,A4 48张 90g 塑料皮骑马钉 2.5mm,938_,"-19,25%",757_
Cervantes,PB253,8.43572E+12,CUADERNO GRAPADO A4 48 HOJAS 90 g/m_ PP,A4 48张 90g 塑料皮骑马钉 空白,938_,"-19,25%",757_
Cervantes,CE001-1,8.43572E+12,CUADERNO ANILLA CON HOJA EXTRAIBLE A4,A4 80张 100g 塑料硬皮蘑菇扣,"4,694_","-19,25%","3,790_"
Cervantes,CE001-2,8.43572E+12,CUADERNO ANILLA CON HOJA EXTRAIBLE A4,A4 80张 100g 塑料硬皮(粉彩),"4,694_","-19,25%","3,790_"
Cervantes,CE002-1,8.43572E+12,CUADERNO ANILLAS CON HOJA EXTRAIBLE A5,A5 80张 100g 塑料硬皮蘑菇扣,"3,517_","-19,25%","2,840_"
Cervantes,PB011,8.43525E+12,CUADERNO ESP TAPA BLANDA F_ 4X4 80H 60G,F_ 80张 60g 软皮 4mm方格,935_,"-19,25%",755_
Cervantes,PB012,8.43525E+12,CUADERNO ESP TAPA BLANDA F_ P2.5 80H 60G,F_ 80张 60g 软皮 2.5mm,935_,"-19,25%",755_
Cervantes,PB013,8.43525E+12,CUADERNO ESP TAPA BLANDA F_ HOR 80H 60G,F_ 80张 60g 软皮 横条,935_,"-19,25%",755_
Cervantes,PB014,8.43525E+12,CUADERNO ESP TAPA BLANDA F_ LISO 80H 60G,F_ 80张 60g 软皮 空白,935_,"-19,25%",755_
Cervantes,PB021,8.43525E+12,CUADERNO ESP TAPA BLANDA 4_ 4X4 80H 60G,4_ 80张 60g 软皮 4mm方格,605_,"-19,25%",489_
Cervantes,PB022,8.43525E+12,CUADERNO ESP TAPA BLANDA 4_ P2.5 80H 60G,4_ 80张 60g 软皮 2.5mm,605_,"-19,25%",489_
Cervantes,PB023,8.43525E+12,CUADERNO ESP TAPA BLANDA 4_ HOR 80H 60G,4_ 80张 60g 软皮 横条,605_,"-19,25%",489_
Cervantes,PB024,8.43525E+12,CUADERNO ESP TAPA BLANDA 4_ LISO 80H 60G,4_ 80张 60g 软皮 空白,605_,"-19,25%",489_
Cervantes,PB417,8.43546E+12,CUADERNO A4 120 HOJAS Y 4 TAPAS.,A4 120张 90g 塑料皮 4封面,"4,223_","-19,25%","3,410_"
Cervantes,PB418,8.43546E+12,CUADERNO A4 120 HOJAS Y 4 TAPAS.,A4 120张 90g 塑料皮 4封面,"4,223_","-19,25%","3,410_"
Cervantes,PB419,8.43546E+12,CUADERNO A4 120 HOJAS Y 3 SEPARADORES.,A4 120张 90g 塑料皮 3分隔,"3,706_","-19,25%","2,993_"
Cervantes,PB250,8.43572E+12,CUADERNO GRAPADO PP A4 4X4 48H 90G,A4 48张 90g 塑料皮骑马钉 4mm方格,938_,"-19,25%",757_
Cervantes,PB092,8.43525E+12,CUADERNO GRAPADO A5+ P2.5 48H 60G,A5+ 48张 60g 软皮骑马钉 2.5mm,539_,"-19,25%",435_
Cervantes,PB093,8.43525E+12,CUADERNO GRAPADO A5+ HORI 48H 60G,A5+ 48张 60g 软皮骑马钉 横条,539_,"-19,25%",435_
Cervantes,PB094,8.43525E+12,CUADERNO GRAPADO A5+ LISO 48H 60G,A5+ 48张 60g 软皮骑马钉 空白,539_,"-19,25%",435_
Cervantes,PB095,8.43572E+12,CUADERNO GRAPADO A5+ P3.5 48H 60G,A5+ 48张 60g 软皮骑马钉 3.5mm,539_,"-19,25%",435_
Cervantes,PB101,8.43525E+12,CUADERNO GRAPADO A4 4X4 48H 60G,A4 48张 60g 软皮骑马钉 4mm方格,759_,"-19,25%",613_
Cervantes,PB102,8.43525E+12,CUADERNO GRAPADO A4 LISO 48H 60G,A4 48张 60g 软皮骑马钉 空白,759_,"-19,25%",613_
Cervantes,PB103,8.43525E+12,CUADERNO GRAPADO A4 P2.5 48H 60G,A4 48张 60g 软皮骑马钉 2.5mm,759_,"-19,25%",613_
Cervantes,PB104,8.43525E+12,CUADERNO GRAPADO A4 HORI 48H 60G,A4 48张 60g 软皮骑马钉 横条,759_,"-19,25%",613_
Cervantes,PB202,8.43525E+12,CUADERNO GRAPADO 4_ GUIA 4MM 30H 70G,A5 30张 70g 软皮骑马钉 4mm导线,539_,"-19,25%",435_
Cervantes,PB203,8.43525E+12,CUADERNO GRAPADO 4_ GUIA 5MM 30H 70G,A5 30张 70g 软皮骑马钉 5mm导线,539_,"-23,5%",412_
Cervantes,PB204,8.43525E+12,CUADERNO ESP T BLAND 4_ GUIA 3MM 40H 70G,A5 40张 70g 软皮线圈 3mm导线,869_,"-23,5%",665_
Cervantes,PB205,8.43525E+12,CUADERNO ESP T BLAND 4_ GUIA 4MM 40H 70G,A5 40张 70g 软皮线圈 4mm导线,869_,"-19,25%",702_
Cervantes,PB206,8.43525E+12,CUADERNO ESP T BLAND 4_ GUIA 5MM 40H 70G,A5 40张 70g 软皮线圈 5mm导线,869_,"-19,25%",702_
Cervantes,PB207,8.43525E+12,CUADERNO ESP T BLAND F_ GUIA 3MM 80H 70G,F_ 80张 70g 软皮线圈 3mm导线,"1,419_","-19,25%","1,146_"
Cervantes,PB208,8.43525E+12,CUADERNO ESP T BLAND F_ GUIA 4MM 80H 70G,F_ 80张 70g 软皮线圈 4mm导线,"1,419_","-19,25%","1,146_"
Cervantes,PB209,8.43525E+12,CUADERNO ESP T BLAND F_ GUIA 5MM 80H 70G,F_ 80张 70g 软皮线圈 5mm导线,"1,419_","-19,25%","1,146_"
Cervantes,PB044-06,8.43546E+12,CUADERNO ESPIRAL F_ 80 HOJAS 90g/m_ AMA,F_ 80张 90g 硬抄线圈 4x4方格(黄),"1,639_","-19,25%","1,323_"
Cervantes,PB133,8.43525E+12,CUADERNO ESP T FORRADO A4 5X5 120H 90G,A4 120张 90g 硬抄线圈 5mm方格,"2,924_","-19,25%","2,361_"
Cervantes,PB134,8.43525E+12,CUADERNO ESP T FORRADO A5 5X5 120H 90G,A5 120张 90g 硬抄线圈 5mm方格,"2,447_","-19,25%","1,976_"
Cervantes,PB135,8.43546E+12,CUADERNO ESP T FORRADO A4 5X5 120H 90G,A4 120张 90g 硬抄线圈 5mm方格,"2,924_","-19,25%","2,361_"
Cervantes,PB210,8.43525E+12,CUADERNO ESP T DURA F_ GUIA 3MM 80H 70G,F_ 80张 70g 硬抄线圈 3mm导线,"1,639_","-19,25%","1,323_"
Cervantes,PB211,8.43525E+12,CUADERNO ESP T DURA F_ GUIA 4MM 80H 70G,F_ 80张 70g 硬抄线圈 4mm导线,"1,639_","-23,5%","1,254_"
Cervantes,PB212,8.43525E+12,CUADERNO ESP T DURA F_ GUIA 5MM 80H 70G,F_ 80张 70g 硬抄线圈 5mm导线,"1,639_","-19,25%","1,323_"
SADIPAL,22212801,U8427973128012,FORRO ADHESIVO 0.33 x 1.5 m SADIPAL,0.33 x 1.5m 透明自粘包书纸,567_,-15%,482_
SADIPAL,22212838,U8427973128388,FORRO ADHESIVO 0.45 x 5 m 12838 SADIPAL,0.45 x 5m 透明自粘包书纸,"1,970_",-15%,"1,675_"
SADIPAL,22212875,U8427973128753,FORRO ADHESIVO 0.33 x 5 m 12875 SADIPAL,0.33 x 5m 透明自粘包书纸,"1,789_",-15%,"1,521_"
RENOLIT,701992,U8426505000017,FORRO 45 x 2 m RENOLIT,45cm x 2m 透明包书卷纸,436_,-15%,371_
RENOLIT,701995,U8426505000031,FORRO 45 x 5 m RENOLIT,45cm x 5m 透明包书卷纸,"1,180_",-15%,"1,003_"
SADIPAL,11101127,8.42797E+12,FORRO ADHESIVO EN HOJAS 50X35CM 10H,50 x 35cm (10片) 自粘包书片,"2,712_",-15%,"2,305_"
SADIPAL,22210625,U8427973106256,PAPEL KRAFT MARR_N 1 x 3 m (30 Uds.),1 x 3m 棕色牛皮纸卷,948_,-15%,806_
SADIPAL,22210627,U8427973106270,PAPEL KRAFT MARR_N 1 x 5 (30 Uds.),1 x 5m 棕色牛皮纸卷,"1,663_",-15%,"1,414_"
Cervantes,PB158,8.43546E+12,RECAMBIO A4 4X4 250H 90G,A4 250张 90g 活页纸 4mm方格,"3,289_","-19,25%","2,656_"
Cervantes,PB159,8.43525E+12,RECAMBIO A4 4X4 120H 90G,A4 120张 90g 活页纸 4mm方格,"1,611_","-19,25%","1,301_"
Cervantes,PB159M,8.43525E+12,RECAMBIO F_ 4X4 100H 90G,F_ 100张 90g 活页纸 4mm方格,"1,611_","-19,25%","1,301_"
Cervantes,PB235-01,8.43546E+12,RECAMBIO A4 90 g/m_ 80 HOJAS 4 TALADROS,A4 80张 90g 活页纸 5mm方格,"1,706_","-19,25%","1,378_"
Cervantes,PB514,8.43572E+12,RECAMBIO A4 MILIMETRADO 46 100H 90G,A4 100张 90g 活页纸 4x6网格,"1,611_","-23,5%","1,232_"
Cervantes,PB530,8.43525E+12,RECAMBIO A4 CUADR_CULA 5 x 5 mm COLOR 90,A4 60张 90g 活页纸 5mm方格(深蓝),"1,341_","-19,25%","1,083_"
Cervantes,PB530-01,8.43546E+12,RECAMBIO A4 CUADR_CULA 5 x 5 cm COLOR 90,A4 60张 90g 活页纸 5mm方格(玫红),"1,341_","-19,25%","1,083_"
Cervantes,PB530-02,8.43546E+12,RECAMBIO A4 CUADR_CULA 5 x 5 cm COLOR 90,A4 60张 90g 活页纸 5mm方格(浅粉),"1,341_","-19,25%","1,083_"
Cervantes,PB530-07,8.43546E+12,RECAMBIO A4 CUADR_CULA 5 x 5 cm COLOR 90,A4 60张 90g 活页纸 5mm方格(橘红),"1,341_","-19,25%","1,083_"
Cervantes,PB530-08,8.43546E+12,RECAMBIO A4 CUADR_CULA 5 x 5 cm COLOR 90,A4 60张 90g 活页纸 5mm方格(紫色),"1,341_","-19,25%","1,083_"
Cervantes,PB539,8.43525E+12,RECAMBIO A4 CUADR_CULA 5 x 5 cm COLOR 90,A4 100张 90g 活页纸 5mm方格(多色),"2,059_","-19,25%","1,663_"
Cervantes,PB731,8.43572E+12,RECAMBIO A4 CUADR_CULA 5x5 mm 10COLORES,A4 200张 90g 活页纸 5mm方格(10色),"2,341_","-19,25%","1,890_"
JOVI,701907001,8.41203E+12,PLASTILINA ESTUCHE 30 PASTILLAS 50 g BLA,50g 白色 橡皮泥,328_,-15%,279_
JOVI,701907002,8.41203E+12,PLASTILINA ESTUCHE 30U 50g AMARILLO CLAR,50g 淡黄 橡皮泥,328_,-15%,279_
JOVI,701907004,8.41203E+12,PLASTILINA ESTUCHE 30 PASTILLAS 50 g NAR,50g 橙色 橡皮泥,328_,-15%,279_
JOVI,701907005,8.41203E+12,PLASTILINA ESTUCHE 30 PASTILLAS 50 g ROJ,50g 红色 橡皮泥,328_,-15%,279_
JOVI,701907015,8.41203E+12,PLASTILINA ESTUCHE 30 PASTILLAS 50 g NEG,50g 黑色 橡皮泥,328_,-15%,279_
JOVI,701907101,8.41203E+12,PLASTILINA ESTUCHE 15 PASTILLAS 150 g BL,150g 白色 橡皮泥,863_,-15%,734_
JOVI,701907102,8.41203E+12,PLASTILINA ESTUCHE 15U 150 g AMARILLO CL,150g 淡黄 橡皮泥,863_,-15%,734_
JOVI,701907103,8.41203E+12,PLASTILINA ESTUCHE 15U 150 g AMARILLO OS,150g 黄色 橡皮泥,863_,-15%,734_
JOVI,7019083,8.41203E+12,PASTA MODELAR 250 g BLANCO JOVI,250g 白色 风干泥,687_,-15%,584_
JOVI,7019084,8.41203E+12,PASTA MODELAR 250 g TERRACOTTA JOVI,250g 红棕色 风干泥,687_,-15%,584_
JOVI,7019088,8.41203E+12,PASTA MODELAR 500 g TERRACOTTA JOVI,500g 红棕色 风干泥,"1,305_",-15%,"1,109_"
JOVI,70190520,8.41203E+12,T_MPERA GOUACHE ESTUCHE 6 BOTES 15 ml SR,6x15ml 混色 水粉套装,"2,373_",-15%,"2,017_"
JOVI,7019050201,U8412027026512,T_MPERA L_QUIDA 250 cc BLANCO JOVI,250ml 白色 瓶装水粉,"1,810_",-15%,"1,539_"
JOVI,7019050202,U8412027026529,T_MPERA L_QUIDA 250 cc AMARILLO CLARO JO,250ml 淡黄色 瓶装水粉,"1,810_",-15%,"1,539_"
JOVI,7019050206,U8412027026536,T_MPERA L_QUIDA 250 cc NARANJA JOVI,250ml 橙色 瓶装水粉,"1,810_",-15%,"1,539_"
JOVI,7019050207,U8412027026543,T_MPERA L_QUIDA 250 cc BERMELL_N JOVI,250ml 朱红色 瓶装水粉,"1,810_",-15%,"1,539_"
JOVI,7019050301,8.41203E+12,T_MPERA 35 cc BLANCO JOVI,35cc 白色 小罐装水粉,581_,-15%,494_
JOVI,7019050302,8.41203E+12,T_MPERA 35 cc AMARILLO JOVI,35cc 黄色 小罐装水粉,582_,-15%,495_
JOVI,7019050306,8.41203E+12,T_MPERA 35 cc NARANJA JOVI,35cc 橙色 小罐装水粉,582_,-15%,495_
JOVI,7019050307,8.41203E+12,T_MPERA 35 cc ROJO JOVI,35cc 红色 小罐装水粉,582_,-15%,495_
JOVI,7019056003,8.41203E+12,PINTURA DE DEDOS 125 cc AMARILLO JOVI,125cc 黄色 手指颜料,"1,252_",-15%,"1,064_"
JOVI,7019056006,8.41203E+12,PINTURA DE DEDOS 125 cc NARANJA JOVI,125cc 橙色 手指颜料,"1,252_",-15%,"1,064_"
JOVI,7019056007,8.41203E+12,PINTURA DE DEDOS 125 cc BERMELL_N JOVI,125cc 朱红色 手指颜料,"1,252_",-15%,"1,064_"
JOVI,7019056008,8.41203E+12,PINTURA DE DEDOS 125 cc MAGENTA JOVI,125cc 玫红色 手指颜料,"1,252_",-15%,"1,064_"
TALENS,9314001M,U8712079383497,SKETCHBOOK NEGRO 9 x 14 140 g TALENS.,9x14cm 140g 黑色素描本,"1,322_",-15%,"1,124_"
TALENS,9314002M,U8712079383503,TAC SK.Block NEGRO 13 x 21 cm 140 g TALE,13x21cm 140g 黑色素描本,"2,530_",-15%,"2,151_"
TALENS,9314003M,U8712079383510,SKETCHBOOK NEGRO 21 x 29.7 cm 140 g TALE,A4 140g 黑色素描本,"4,588_",-15%,"3,900_"
TALENS,9314004M,U8712079383527,SKETCHBOOK NEGRO 12 x 12 140 g TALENS.,12x12cm 140g 黑色素描本,"1,552_",-15%,"1,319_"
TALENS,9314005M,U8712079392970,SKETCHBOOK NEGRO 14.8 x 21 140 g TALENS.,14.8x21cm 140g 黑色素描本,"2,817_",-15%,"2,394_"
TALENS,9600031M,8.71208E+12,CARBONCILLOS FINO 3-4 mm TALENS.,细笔尖 3-4mm 木炭条,"1,183_",-15%,"1,006_"
TALENS,9600033M,8.71208E+12,CARBONCILLOS GRUESO 7-9 mm TALENS.,粗笔尖 7-9mm 木炭条,"1,177_",-15%,"1,000_"
TALENS,CDXSDK36,U8710141098010,PIGMA MICRON NEGRO DISPLAY 36 Uds. TALEN,36支装 黑色针管笔,"1,050_",-15%,893_
EDDING,32370300,1E+13,EXPOSITOR MARCADORES EDDING 300 SURTIDO,300系列 记号笔混色展架,"74,306_",-15%,"63,160_"
EDDING,32371200,6450 NE OURIZO,EXPOSITOR ROTULADOR EDDING 1200 71200,1200系列 水彩笔展架,"163,861_",-15%,"139,282_"
EDDING,32373000,U8414790270291,EXPOSITOR MARCADOR EDDING 3000 73000,3000系列 记号笔混色展架,"209,638_",-15%,"178,192_"
EDDING,32374500,U8414790270413,EXPOSITOR EDDING 96 UNDS 74500,4500系列 记号笔展架,"151,991_",-15%,"129,192_"
EDDING,10152395,8.43572E+12,EXPOSITOR TOWER EDDING,EDDING 大型落地展示塔架,"1.693,59_",-15%,"1.439,55_"
EDDING,3252917,1E+13,EXPOSITOR ROTULADOR EDDING 1200 GOOD VIB,1200系列 水彩笔架子,"2,982_",-15%,"2,535_"
EDDING,032352206A,4.05731E+12,EXPOSITOR ROTULADOR EDDING 1200 52206,1200系列 桌面展示架,"46,437_",-15%,"39,471_"
EDDING,0324001A,4.00476E+12,MARCADOR PERMANENTE EDDING 400 (01) NEGR,400系列 黑色 油性记号笔,"1,502_",-15%,"1,277_"
EDDING,0324002A,4.00476E+12,MARCADOR PERMANENTE EDDING 400 (02) ROJO,400系列 红色 油性记号笔,"1,502_",-15%,"1,277_"
EDDING,0325001A,4.00476E+12,EDDING 500 (01) NEGRO.,500系列 黑色 记号笔,"2,288_",-15%,"1,945_"
EDDING,03230001A,4.00476E+12,MARCADOR PERMANENTE EDDING 300 (01) NEGR,300系列 黑色 油性记号笔,640_,-15%,544_
EDDING,03230002A,4.00476E+12,MARCADOR PERMANENTE EDDING 300 (02) ROJO,300系列 红色 油性记号笔,640_,-15%,544_
EDDING,03230003A,4.00476E+12,MARCADOR PERMANENTE EDDING 300 (03) AZUL,300系列 蓝色 油性记号笔,640_,-15%,544_
EDDING,03230004A,4.00476E+12,MARCADOR PERMANENTE EDDING 300 (04) VERD,300系列 绿色 油性记号笔,640_,-15%,544_
EDDING,03230010A,4.00476E+12,MARCADOR PERMANENTE EDDING 300 (10) AZUL,300系列 浅蓝 记号笔,762_,-15%,648_
EDDING,03233001A,4.00476E+12,MARCADOR PERMANENTE EDDING 330 (01) NEGR,330系列 黑色 油性记号笔,775_,-15%,659_
EDDING,03233002A,4.00476E+12,MARCADOR PERMANENTE EDDING 330 (02) ROJO,330系列 红色 油性记号笔,775_,-15%,659_
EDDING,032450001A,4.00476E+12,MARCADOR EDDING TEXTIL 4500 (01) NEGRO R,4500系列 黑色 布料记号笔,"1,583_",-15%,"1,346_"
EDDING,032460001A,4.00476E+12,EDDING 4600 01 MARCADOR TEXTIL(01) NEGRO,4600系列 黑色 布料记号笔,853_,-15%,725_
EDDING,0325066601A,4.00476E+12,ROTULADOR PIZZARA EDDING 660 (01) NEGRO,660系列 黑色 白板笔,755_,-15%,642_
EDDING,0325066604A,4.00476E+12,ROTULADOR EDDING PIZARRA EDDING 660 (04),660系列 绿色 白板笔,755_,-15%,642_
EDDING,03235062001A,4.00476E+12,ROTULADOR EDDING 1200 (01) NEGRO,1200系列 黑色 水彩笔,472_,-15%,401_
EDDING,03235062002A,4.00476E+12,ROTULADOR EDDING 1200 (02) ROJO,1200系列 红色 水彩笔,472_,-15%,401_
EDDING,03235062003A,4.00476E+12,ROTULADOR EDDING 1200 (03) AZUL,1200系列 蓝色 水彩笔,472_,-15%,401_
EDDING,03235062053A,4.00476E+12,ROTULADOR EDDING 1200 (53) ORO,1200系列 金属金 水彩笔,"1,106_",-15%,940_
EDDING,03235062054A,4.00476E+12,ROTULADOR EDDING 1200 (54) PLATA,1200系列 金属银 水彩笔,"1,106_",-15%,940_
EDDING,03235062064A,4.00476E+12,ROTULADOR EDDING 1200 (64) VE NE_N,1200系列 荧光绿 水彩笔,472_,-15%,401_
EDDING,03235062065A,4.00476E+12,ROTULADOR EDDING 1200 (65) AM NE_N,1200系列 荧光黄 水彩笔,472_,-15%,401_
PILOT,074NE185,1E+13,EXPOSITOR PORTAMINAS H-185 0.5 60U,H185自动铅笔 60支展架,"1,154_",-15%,981_
PILOT,074NEFXLTD,3.13191E+12,EXPOSITOR PILOT FRIXION NARUTO 48UNDS,火影限量可擦笔 48支展架,"85,495_",-15%,"72,671_"
PILOT,074NEG2A,1E+13,EXPOSITOR BOL_GRAFO G2 60 Uds.,G2中性笔 60支展架,"1,141_",-15%,970_
PILOT,074NEG2PA,1E+13,EXPOSITOR BOL_GRAFO 84 G2 PIXIE G-2PIXIE,G2迷你款 84支展架,"1,089_",-15%,926_
PILOT,074FRIXAA,4.90251E+12,BOL_GRAFO FRIXION AZUL BORRABLE 0.7,Frixion 0.7mm 拔盖 蓝色,"1,431_",-15%,"1,216_"
PILOT,074FRIXNA,4.90251E+12,BOL_GRAFO FRIXION NEGRO BORRABLE 0.7,Frixion 0.7mm 拔盖 黑色,"1,431_",-15%,"1,216_"
PILOT,074FRIXRA,4.90251E+12,BOL_GRAFO FRIXION ROJO BORRABLE 0.7,Frixion 0.7mm 拔盖 红色,"1,431_",-15%,"1,216_"
PILOT,074NFCAA,4.90251E+12,"BOL_GRAFO FRIXION CLICKER AZUL 0,7MM",Frixion 0.7mm 按动 蓝色,"1,551_",-15%,"1,318_"
PILOT,074NFCNA,4.90251E+12,"BOL_GRAFO FRIXION CLICKER NEGRO 0,7MM",Frixion 0.7mm 按动 黑色,"1,551_",-15%,"1,318_"
PILOT,074NFCRA,4.90251E+12,"BOL_GRAFO FRIXION CLICKER ROJO 0,7MM",Frixion 0.7mm 按动 红色,"1,551_",-15%,"1,318_"
PILOT,074NFCVA,4.90251E+12,"BOL_GRAFO FRIXION CLICKER VERDE 0,7MM",Frixion 0.7mm 按动 绿色,"1,551_",-15%,"1,318_"
PILOT,074NFPCA,4.90251E+12,"BOL_GRAFO FRIXION CLICKER AZUL 0,5MM",Frixion 0.5mm 按动 蓝色,"1,551_",-15%,"1,318_"
PILOT,103NFPLUSA,4.90251E+12,BOLIGRAFO FRIXION CLICKER PLUS AZUL,Frixion 升级按动款 蓝色,"1,919_",-15%,"1,631_"
PILOT,103NFPLUSN,4.90251E+12,BOLIGRAFO FRIXION CLICKER PLUS NEGRO,Frixion 升级按动款 黑色,"1,919_",-15%,"1,631_"
PILOT,103NFPLUSR,4.90251E+12,BOLIGRAFO FRIXION CLICKER PLUS ROJO,Frixion 升级按动款 红色,"1,919_",-15%,"1,631_"
PILOT,074BR6F3ANRV,3.13191E+12,SET 6 RECAMBIOS FRIXION BALL&CLICKER,可擦笔替芯 6支混色装,"6,742_",-15%,"5,731_"
PILOT,074NRFXAA,4.90251E+12,RECAMBIO FRIXION AZUL NRFXA (09),可擦笔 0.7mm替芯 蓝色,"3,585_",-15%,"3,047_"
PILOT,074NRFXNA,4.90251E+12,RECAMBIO FRIXION NEGRO 0.7,可擦笔 0.7mm替芯 黑色,"3,585_",-15%,"3,047_"
PILOT,074G2AA,4.90251E+12,BOL_GRAFO GEL PILOT G2 AZUL (05),G2 中性笔 蓝色,"1,093_",-15%,929_
PILOT,074G2NA,4.90251E+12,BOL_GRAFO GEL G2 NEGRO (06),G2 中性笔 黑色,"1,093_",-15%,929_
PILOT,074G2PAA,4.90251E+12,BOL_GRAFO GEL G2 PIXIE AZUL (28),G2 迷你中性笔 蓝色,"1,045_",-15%,888_
PILOT,074G2PACA,4.90251E+12,BOL_GRAFO GEL PILOT G2 PIXIE AZUL CLARO,G2 迷你中性笔 浅蓝,"1,045_",-15%,888_
PILOT,074H185SLROSA,4.90251E+12,PILOT PORTAMINAS ROSA H185 0.5 mm,H185 自动铅笔 粉杆,"1,155_",-15%,982_
PILOT,074NSGGA,4.90251E+12,BOL_GRAFO SUPER G AZUL PILOT,Super G 圆珠笔 蓝色,466_,-15%,396_
PILOT,074NSGGN,4.90251E+12,BOL_GRAFO SUPER G NEGRO PILOT,Super G 圆珠笔 黑色,466_,-15%,396_
PILOT,074NSGGR,4.90251E+12,BOL_GRAFO SUPER G ROJO PILOT,Super G 圆珠笔 红色,466_,-15%,396_
PILOT,074SGAA,4.90251E+12,BOL_GRAFO SUPER GRIP AZUL (15),Super Grip 圆珠笔 蓝色,767_,-15%,652_
PILOT,074SGAZA,4.90251E+12,BOL_GRAFO SUPER GRIP AZUL CLARO (21),Super Grip 圆珠笔 浅蓝,767_,-15%,652_
PILOT,074SGNA,4.90251E+12,BOL_GRAFO SUPER GRIP NEGRO (16),Super Grip 圆珠笔 黑色,767_,-15%,652_
PILOT,074SGRA,4.90251E+12,BOL_GRAFO SUPER GRIP ROJO (17),Super Grip 圆珠笔 红色,767_,-15%,652_
PILOT,074NV5AA,4.90251E+12,ROTULADOR V5 AZUL (23) PILOT,V5 走珠笔 蓝色,"1,217_",-15%,"1,034_"
PILOT,074NV5VA,4.90251E+12,ROTULADOR V5 VERDE (26) PILOT,V5 走珠笔 绿色,"1,217_",-15%,"1,034_"
PILOT,074NV5VIA,4.90251E+12,ROTULADOR V5 VIOLETA (14) PILOT,V5 走珠笔 紫色,"1,217_",-15%,"1,034_"
PILOT,074NVBAA,4.90251E+12,BOL_GRAFO V-BALL 0.5 AZUL (41) PILOT,V-Ball 走珠笔 蓝色,"1,217_",-15%,"1,034_"
PILOT,074NVBNA,4.90251E+12,BOL_GRAFO V-BALL 0.5 NEGRO (42) PILOT,V-Ball 走珠笔 黑色,"1,217_",-15%,"1,034_"
PILOT,074V7RA,4.90251E+12,BOL_GRAFO PILOT V7 ROJO (76),V7 走珠笔 红色,"1,310_",-15%,"1,114_"
STAEDTLER,100N2H,4.00782E+12,L_PIZ NORIS VERDE (2H4) STAEDTLER,Noris 2H 绿尾铅笔,299_,-15%,254_
STAEDTLER,100NB,4.00782E+12,L_PIZ NORIS NEGRO B1 STAEDTLER,Noris B 黑尾铅笔,299_,-15%,254_
STAEDTLER,100NH,1E+13,L_PIZ NORIS HORIZONTAL AZUL H3,Noris H 蓝尾铅笔,299_,-15%,254_
STAEDTLER,100NHB,U4007817104620,L_PIZ NORIS ROJO HB2 STAEDTLER,Noris HB 红尾铅笔,299_,-15%,254_
STAEDTLER,X105120BK12P1,4.00782E+12,12 lapiceros Noris 120-2+rotulador fluo,12支HB铅笔+1支荧光笔,"3,561_",-15%,"3,027_"
STAEDTLER,10052650,4.00782E+12,GOMA BORRAR PL_STICA MARS PLASTIC,塑料橡皮擦,700_,-15%,595_
STAEDTLER,10031CA12010,4.00782E+12,EXPOSITOR LUMOCOLOR PERM RPP 120 PCS,120支 记号笔展架,"145,912_",-15%,"124,025_"
STAEDTLER,1.00E+92,U4007817121641,DISPLAY L_PIZ NORIS STAEDTLER 120CT90,90支 铅笔展架 (单价),345_,-15%,293_
STAEDTLER,100E119T72,1E+13,L_PIZ CUBO 72U HB NORIS JUMBO,72支 粗笔筒装 (单价),724_,-15%,615_
STAEDTLER,1.00E+122,U4007817131855,EXPOSITOR L_PIZ NORIS 576UDS 120VS4,576支 铅笔展架 (单价),345_,-15%,293_
STAEDTLER,100E183T72,无,L_PIZ CUBO 72U HB NORIS TRIANG,72支 三角笔筒装 (单价),457_,-15%,388_
STAEDTLER,10051010PR2,4.00782E+12,AFILAL_PICES DE METAL COLOR STAEDTLER,金属卷笔刀展盒 (单价),802_,-15%,682_
MILAN,1204701116LK2,8.41157E+12,EXPOSITOR 16 AFILABORRAS CAPSULE NEW,16件 二合一卷笔刀(胶囊),"1,643_",-15%,"1,397_"
MILAN,1204703116,8.41157E+12,EXP. AFILABORRAS COMPACT 16U MILAN,16件 二合一卷笔刀(经典),"1,998_",-15%,"1,698_"
MILAN,1204703116YT,8.41157E+12,EXPOSITOR 16 AFILABORRAS COMPACT THE YET,16件 二合一卷笔刀(雪人),"1,953_",-15%,"1,660_"
MILAN,1204706116,8.41157E+12,EXP. AFILABORRAS COMPACT TOUCH 16 Uds.,16件 二合一卷笔刀(触感),"1,999_",-15%,"1,699_"
MILAN,1074701116RL,8.41157E+12,EXP. 16 AFILABORRAS CAPSULE ESPECIAL ROL,16件 二合一卷笔刀(轮滑),"1,974_",-15%,"1,678_"
MILAN,1074703116AL,8.41157E+12,EXP. 16 AFILABORRAS COMPACT ALIENS,16件 二合一卷笔刀(外星),"2,283_",-15%,"1,941_"
MILAN,1074703116SNC,8.41157E+12,EXP. 16 AFILABORRAS COMPACT COLECCION430,16件 二合一卷笔刀(复古),"2,019_",-15%,"1,716_"
MILAN,120CMM430,U8414034004309,GOMA CAJITA 30 Uds. 430 MIGA DE PAN,30件 430经典橡皮盒装,139_,-15%,118_
MILAN,120BMM10049MP,8.41403E+12,MILAN BL_STER 6 GOMAS 445 MILAN,6件 445橡皮吸塑装,803_,-15%,683_
MILAN,120BMM10218MP,8.41403E+12,MILAN BLISTER GOMA 4452 GOMAS 430 MILAN,3件 混装橡皮吸塑装,790_,-15%,672_
MILAN,120BMM97011,8.41403E+12,GOMA 5 Uds. MILAN橡皮擦,5件 条形橡皮吸塑装,790_,-15%,672_
MILAN,120124,8.41403E+12,GOMAS 124 3 Uds. BMM9203MP MILAN,3件 124椭圆橡皮吸塑装,788_,-15%,670_
MILAN,120420BMM9221,8.41403E+12,GOMAS 420 3 Uds. MILAN,3件 420方块橡皮吸塑装,857_,-15%,728_
MILAN,12010304MP,8.41403E+12,GOMA 420 BL_STER 2 Uds. BMM10304 MILAN,2件 420混色橡皮吸塑装,699_,-15%,594_
MILAN,701204304,8.41403E+12,GOMA 4 x 430 BMM9215 MILAN,4件 430方块橡皮吸塑装,747_,-15%,635_
OXFORD,1.604E+11,8.42729E+12,RECAMBIO COLOR TAPA BLANDA A4+ 80H 5x5,A4+ 80张 5x5软皮本(蓝),"3,926_",-15%,"3,337_"
OXFORD,1.604E+11,8.42729E+12,RECAMBIO COLOR TAPA BLANDA A4+ 80H 5x5,A4+ 80张 5x5软皮本(红),"3,926_",-15%,"3,337_"
OXFORD,1.604E+11,8.42729E+12,RECAMBIO COLOR TAPA BLANDA A4+ 80H 5x5,A4+ 80张 5x5软皮本(绿),"3,926_",-15%,"3,337_"
OXFORD,1.604E+11,8.42729E+12,RECAMBIO COLOR TAPA BLANDA A4+ 80H 5x5,A4+ 80张 5x5软皮本(黄),"3,926_",-15%,"3,337_"
OXFORD,1.604E+11,8.41277E+12,EUROPEANBOOK L&G TAPA PL_STICO A4+ 80H 5,A4+ 80张 5x5塑料皮(蓝),"4,083_",-15%,"3,471_"
OXFORD,1.604E+11,8.41277E+12,EUROPEANBOOK L&G TAPA PL_STICO A4+ 80H 5,A4+ 80张 5x5塑料皮(红),"4,083_",-15%,"3,471_"
OXFORD,1.604E+11,8.41277E+12,EUROPEANBOOK L&G TAPA PL_STICO A4+ 80H 5,A4+ 80张 5x5塑料皮(蓝绿),"4,083_",-15%,"3,471_"
OXFORD,1.604E+11,8.41277E+12,RECAMBIO PAQUETE A4 100+20H 90 g/m_ 5x5,A4 120张 90g 活页纸(绿),"4,068_",-15%,"3,458_"
OXFORD,1.604E+11,8.41277E+12,RECAMBIO PAQUETE A4 100+20H 90 g/m_ 5x5,A4 120张 90g 活页纸(黄),"4,068_",-15%,"3,458_"
OXFORD,1.604E+11,8.41277E+12,RECAMBIO PAQUETE A4 100+20H 90 g/m_ 5x5,A4 120张 90g 活页纸(粉),"4,068_",-15%,"3,458_"
OXFORD,1.604E+11,8.41277E+12,RECAMBIO PAQUETE A4 100+20H 90 g/m_ 5x5,A4 120张 90g 活页纸(红),"4,068_",-15%,"3,458_"
BIC,216BA,1E+13,BOL_GRAFO CRISTAL AZUL 3609 BIC,Cristal 原味 蓝色,189_,-15%,161_
BIC,216BN,UUUUUU8373639,BOL_GRAFO CRISTAL NEGRO 3639 BIC,Cristal 原味 黑色,189_,-15%,161_
BIC,216BR,U070330129634,BOL_GRAFO CRISTAL ROJO 3619 BIC,Cristal 原味 红色,189_,-15%,161_
BIC,216BV,U070330129641,BOL_GRAFO CRISTAL VERDE 3629 BIC,Cristal 原味 绿色,189_,-15%,161_
BIC,216872720,3.08612E+12,BOL_GRAFO CRISTAL FINE 0.8mm 50Uds RED,Cristal 细字 红色 50支,208_,-15%,177_
BIC,216872730,3.08612E+12,BOL_GRAFO CRISTAL FINE 0.8mm 50Uds BLUE,Cristal 细字 蓝色 50支,208_,-15%,177_
BIC,216872731,3.08612E+12,BOL_GRAFO CRISTAL FINE 0.8mm 50Ud BLACK,Cristal 细字 黑色 50支,208_,-15%,177_
BIC,216880648,U3086123175495,BOL_GRAFO CRISTAL LARGE 1.6mm 50Ud BLACK,Cristal 粗字 黑色 50支,208_,-15%,177_
BIC,21639581,1E+13,BOL_GRAFO CRISTAL 1.6 FUN 20 Uds PURPLE,Cristal Fun 紫色 20支,"4,164_",-15%,"3,539_"
BIC,21639582,3.08612E+12,BOL_GRAFO CRISTAL 1.6 FUN 20 Uds. PINK,Cristal Fun 粉色 20支,"4,164_",-15%,"3,539_"
BIC,21639600,U3086123396005,BOL_GRAFO CRISTAL 1.6 FUN 20 Uds. TURQUO,Cristal Fun 蓝绿 20支,"4,164_",-15%,"3,539_"
BIC,216921575,3.08612E+12,BOL_GRAFO CELEB SILVER 20 Uds 92,Celebrate 银色金属 (单价),871_,-15%,740_
BIC,216921576,3.08612E+12,BOL_GRAFO CELEBRATE GOLD 20 Uds. EU 9213,Celebrate 金色金属 (单价),871_,-15%,740_
BIC,216887776,3.08612E+12,BOL_GRAFO 4 COLOR FUN AST INT - 887776,经典四色笔 Fun浅色款,"1,110_",-15%,944_
BIC,216902126,3.08612E+12,BOL_GRAFO 4 COLOURS SHINE EU - 902126,经典四色笔 Shine亮面款,"1,110_",-15%,944_
BIC,216802078,3.08612E+12,BOL_GRAFO 4 COLOR FINE 802078,经典四色笔 Fine橙杆款,"1,110_",-15%,944_
BIC,X009516344,3.08612E+12,BOL_GRAFO CRISTAL MED. 5 Uds. BLUE,Cristal 蓝色 5支袋装,"1,398_",-15%,"1,188_"
BIC,X009516345,3.08612E+12,BOL_GRAFO CRISTAL MED. 5 Uds. BLACK,Cristal 黑色 5支袋装,"1,398_",-15%,"1,188_"
BIC,X009516346,3.08612E+12,BOL_GRAFO CRISTAL MED. 5 Uds. AST INT,Cristal 混色 5支袋装,"1,398_",-15%,"1,188_"
BIC,X009516352,3.08612E+12,BOL_GRAFO CRISTAL MED 10 Uds. BLUE,Cristal 蓝色 10支袋装,"1,703_",-15%,"1,448_"
BIC,X009516353,3.08612E+12,BOL_GRAFO CRISTAL MED 10 Uds. BLACK,Cristal 黑色 10支袋装,"1,703_",-15%,"1,448_"
BIC,X009516354,3.08612E+12,BOL_GRAFO CRISTAL MED 1.0 mm 10 Uds,Cristal 混色 10支袋装,"1,703_",-15%,"1,448_"
BIC,X009516356,3.08612E+12,BOL_GRAFO CRISTAL FINE 1.0MM 10 Uds,Cristal 细字混色 10支袋装,"1,703_",-15%,"1,448_"
BIC,X009516359,3.08612E+12,BOL_GRAFO CRISTAL SOFT AST 10 Uds.,Cristal 软写混色 10支袋装,"1,946_",-15%,"1,654_"
BIC,X009516834,3.08612E+12,BOL_GRAFO CRISTAL MED 1.0 mm 4 Uds. AST,Cristal 混色 4支袋装,"1,399_",-15%,"1,189_"
BIC,X109524173,3.08612E+12,CRISTAL 1.6 FUN BOX4 AST EU,Cristal Fun 4支袋装,"1,400_",-15%,"1,190_"
BIC,X109524175,3.08612E+12,CRISTAL 1.6 FUN BOX6+2 AST EU,Cristal Fun 8支袋装,"2,106_",-15%,"1,790_"
BIC,X109524179,3.08612E+12,CRISTAL UP FUN AST BOX4 EU,Cristal Up 4支袋装,"1,341_",-15%,"1,140_"
FABER-CASTELL,22454807,4.0054E+12,MARCADOR FLUORESCENTE AMARILLO,荧光笔 黄色,450_,-15%,383_
FABER-CASTELL,22454815,4.0054E+12,MARCADOR FLUORESCENTE NARANJA,荧光笔 橙色,450_,-15%,383_
FABER-CASTELL,22454828,4.0054E+12,MARCADOR FLUORESCENTE ROSA 154828,荧光笔 粉色,450_,-15%,383_
FABER-CASTELL,22454851,4.0054E+12,MARCADOR FLUORESCENTE AZUL 154851,荧光笔 蓝色,450_,-15%,383_
FABER-CASTELL,224154607,U4005401074335,MARCADOR FLUO TEXTLINER 46 AMARILLO,Textliner 46 荧光笔 黄色,450_,-15%,383_
FABER-CASTELL,224154615,U4005401074366,MARCADOR FLUO TEXTLINER 46 NARANJA,Textliner 46 荧光笔 橙色,450_,-15%,383_
FABER-CASTELL,224154628,U4005401074397,MARCADOR FLUO TEXTLINER 46 ROSA,Textliner 46 荧光笔 粉色,450_,-15%,383_
FABER-CASTELL,224154636,U4005400911891,MARCADOR FLUO TEXTLINER 46 VIOLETA,Textliner 46 荧光笔 紫色,450_,-15%,383_
FABER-CASTELL,224548157,U4005401548331,EXPOSITOR FLUORESCENTE 60 Uds. 154833,荧光笔立式展架 (单价),450_,-15%,383_
FABER-CASTELL,22454820,U4005402548200,EXP. MARCADOR GIGANTE 254820,荧光笔大型展架 (单价),450_,-15%,383_
FABER-CASTELL,22254830,8.41479E+12,EXPOSITOR MARCADOR FLUORESCENTE 3+1,荧光笔3+1套装展架,"35,533_",-15%,"30,203_"
FABER-CASTELL,0322160120A,U8414790265822,EXPOSITOR 120 Uds. L_PICES BICOLOR,120支双头铅笔架 (单价),436_,-15%,371_
FABER-CASTELL,03209117560SA,8.41479E+12,EXPOSITOR 60 L_PICES BICOLOR,60支双头铅笔架,"44,460_",-15%,"37,791_"
FABER-CASTELL,X1101111-120-S,8.41479E+12,EXP. 120 L_PICES GRAFITO 1111,120支石墨铅笔架,"22,941_",-15%,"19,500_"
HENKEL,6611584622,1E+13,PEGAMENTO DE BARRA PRITT 11 g 1584622,Pritt 11g 固体胶,"1,080_",-15%,918_
HENKEL,6611935269,1E+13,PEGAMENTO DE BARRA 22 g 1584625 PRITT,Pritt 22g 固体胶,"1,604_",-15%,"1,363_"
HENKEL,6611584626,U8410436186377,EXP. PEGAMENTO DE BARRA 43 g 1584626,Pritt 43g 固体胶,"2,013_",-15%,"1,711_"
HENKEL,6612089903,8.41044E+12,PEGAMENTO DE BARRA 2+1 22 g 2801378,Pritt 22g 3支装(2+1),"2,830_",-15%,"2,406_"
HENKEL,661193526,8.41002E+12,PEGAMENTO DE BARRA 22 g +11 g 2884085,Pritt 22g+11g套装,"2,830_",-15%,"2,406_"
HENKEL,1191864981,8.41002E+12,PEGAMENTO BARRA 43g+CORRECTOR 2884087,Pritt 43g+迷你修正带,"2,344_",-15%,"1,992_"
HENKEL,661193831,8.41243E+12,PEGAMENTO ORIGINAL 3 g 2640968 LOCTITE,Loctite 3g 强力胶,"3,581_",-15%,"3,044_"
HENKEL,6611022980,(未显示),EXPOSITOR LOCTITE 1022980,Loctite 强力胶综合货架,"176,606_",-15%,"150,115_"
BIC KIDS,216010322,3.08612E+12,ROTULADOR LAVABLES 12 Uds. REF. 9246623,可水洗水彩笔 12支,"1,755_",-15%,"1,492_"
BIC KIDS,21600273,3.08612E+12,ROTULADOR LAVABLES 18 Uds. REF. 9375092,可水洗水彩笔 18支,"2,597_",-15%,"2,207_"
BIC KIDS,216841803,3.08612E+12,ROTULADOR LAVABLES 24 Uds. REF. 8418034,可水洗水彩笔 24支,"3,130_",-15%,"2,661_"
BIC KIDS,216B12,8.41057E+12,CERAS PLASTIDECOR 12 Uds. 8757704,Plastidecor蜡笔 12支,"2,488_",-15%,"2,115_"
BIC KIDS,216B18,8.41057E+12,CERAS PLASTIDECOR 18 Uds. 8757712,Plastidecor蜡笔 18支,"3,513_",-15%,"2,986_"
BIC KIDS,216B24,8.41057E+12,CERAS PLASTIDECOR 24 Uds. 920301,Plastidecor蜡笔 24支,"4,523_",-15%,"3,845_"
BIC KIDS,216875774,3.08612E+12,CERAS TRIANGULARES PLASTIDECOR 12 Uds.,三角塑料蜡笔 12支,"2,730_",-15%,"2,321_"
BIC KIDS,2169375172,3.27022E+12,L_PICES DE COLORES 18 Uds. 9375172,彩色铅笔 18支,"1,409_",-15%,"1,198_"